supplier_code,supplier_name,inventory_item_sku,inventory_item_name,inventory_item_name_localized,order_unit,order_to_storage,order_quantity,cost_per_order_unit,item_supplier_code
"WHUS001,""المستودع novamber"",nov042,""Arabic Coffee 1kg"",,كيلو,1000,,,"
"WHUS001,""المستودع novamber"",nov047,""Konga Red 250g"",,Unit,1,,,"
"WHUS001,""المستودع novamber"",nov052,""SIdamo Natural 1kg"",,Unit,1,,,"
"WHUS001,""المستودع novamber"",nov045,""Cerrado Natural 250g"",,Unit,1,,,"
"WHUS001,""المستودع novamber"",nov043,""Arabic Coffee 250g"",,Unit,1,,,"
"WHUS001,""المستودع novamber"",nov046,""Konga Red 1kg"",,Unit,1,,,"
"WHUS001,""المستودع novamber"",nov050,""November 2nd 1kg"",,كيلو,1000,,,"
"WHUS001,""المستودع novamber"",nov054,""Uraga Honey 1kg"",,Unit,1,,,"
"WHUS001,""المستودع novamber"",nov057,""Uraga Natural 250g"",,Unit,1,,,"
"WHUS001,""المستودع novamber"",nov049,""November Blend 250g"",,Unit,1,,,"
"WHUS001,""المستودع novamber"",nov044,""Cerrado Natural 1kg"",,Unit,1,,,"
"WHUS001,""المستودع novamber"",nov056,""Uraga Natural 1kg"",,كيلو,1000,,,"
"WHUS001,""المستودع novamber"",nov053,""Sidamo Natural 250g"",,Unit,1,,,"
"WHUS001,""المستودع novamber"",nov055,""Uraga Honey 250g"",,Unit,1,,,"
"WHUS001,""المستودع novamber"",nov051,""(November 2nd 250g (120"",,Unit,1,,,"
"WATR003,""مونتانا  MONTANA"",nov028,""Montana Water 500ml"",,Unit,1,,,"
"WATR003,""مونتانا  MONTANA"",Sw-0020,"".Montana Sparkling Water375ml"",""مياه مونتانا فواره 375 ملي."",بوكس,1,,95.65,"
"WATR004,""مؤسسة سحاب التوزيع الغذائي"",Op-0417,""Dark chocolate sauce"",""صوص شيكولاة غامق"",Box,4,,360,"
"WATR004,""مؤسسة سحاب التوزيع الغذائي"",Op-0415,""white chocolat sauce"",""صوص شيكولاه ابيض"",box,4,,360,"
"WATR004,""مؤسسة سحاب التوزيع الغذائي"",Op-0416,""dark caramel sauce"",""صوص كراميل غامق"",علبة,4,,360,"
"WATR004,""مؤسسة سحاب التوزيع الغذائي"",wat-002,""Acqua Panna Water 750ML"",""مياه اكوابانا 750م"",بوكس,1,1,79,"
"WATR004,""مؤسسة سحاب التوزيع الغذائي"",wat-004,""ML250 Sparkling Water مياه غازى"",""مياه فوارة 250م"",كرتون,1,1,90,"
"WATR004,""مؤسسة سحاب التوزيع الغذائي"",OP-0254,""Breakfast elixer شاى"",,كرتون,1,,260,"
"WATR004,""مؤسسة سحاب التوزيع الغذائي"",OP-0408,""GREEN TEA CURLS شاى اخضر"",""شاى اخضر النزهه والحبيب"",علبة,1,,260,"
"WATR004,""مؤسسة سحاب التوزيع الغذائي"",Op-0411,""Mojito syrap"",""سيراب موهيتو"",box,6,,300,"
"WATR004,""مؤسسة سحاب التوزيع الغذائي"",OP-0409,""peach syrup"",""سيراب خوخ"",box,6,,286.98,"
"WATR004,""مؤسسة سحاب التوزيع الغذائي"",OP-0410,""Vanilla syrup"",""سيرب الفانيلا"",box,6,,287,"
"WATR004,""مؤسسة سحاب التوزيع الغذائي"",Op-0412,""caramel syrap"",""سيراب كراميل"",box,4,,210,"
"WATR004,""مؤسسة سحاب التوزيع الغذائي"",Op-0413,""pure syrap"",""سيراب سكر القصب"",box,4,,210,"
"WATR004,""مؤسسة سحاب التوزيع الغذائي"",Op-0414,""strawberry syrup"",""سيراب الفراولة"",box,6,,300,"
"BAKR0002,""هيلميت بيكرى HELMUT BAKERY."",BKA-001,""Halloumi Roll"",""رول الحلومي"",قطعة,1,,5.75,"
"BAKR0002,""هيلميت بيكرى HELMUT BAKERY."",BAK-002,""Cheese Croissant HB"",""كروسان الجبن"",قطعة,1,,4.75,"
"BAKR0002,""هيلميت بيكرى HELMUT BAKERY."",BAK-003,""Cheddar Roll HB"",""رول التشيدر"",قطعه,1,,5.5,"
"BAKR0002,""هيلميت بيكرى HELMUT BAKERY."",BAK-004,""Plain Croissant HB"",""كرواسون سادة"",قطعة,1,1,4,"
"BAKR0002,""هيلميت بيكرى HELMUT BAKERY."",BAK-005,""Zaatar Croissant HB"",""كروسان الزعتر"",قطعة,1,,4.25,"
"BAKR0002,""هيلميت بيكرى HELMUT BAKERY."",BAK-006,""Choco Roll HB"",""رول الشوكولاته"",قطعة,1,,4.5,"
"BAKR0002,""هيلميت بيكرى HELMUT BAKERY."",SW-009,""Brownies HB"",""كيك براونيز"",قطعة,1,,3.5,"
"BAKR0002,""هيلميت بيكرى HELMUT BAKERY."",sw-0006,"".Sandwich Halloumi"",""ساندوتش حلومي"",قطعة,1,,10,"
"BAKR0002,""هيلميت بيكرى HELMUT BAKERY."",SW-0009,"".Sandwich Turkey"",""ساندوتش ديك رومي"",قطعه,1,,11,"
"BAKR0002,""هيلميت بيكرى HELMUT BAKERY."",SW-0010,"".Sandwich Tuna"",""ساندوتش تونة"",قطعه,1,,11,"
"BAKR0002,""هيلميت بيكرى HELMUT BAKERY."",SW-0011,"".Chocolate Muffin"",""مافين الشوكالاتة"",قطعه,1,,4,"
"BAKR0002,""هيلميت بيكرى HELMUT BAKERY."",SW-0012,"".Blueberry Muffin"",""مافن التوت الازرق"",قطعه,1,,4.25,"
"BAKR0002,""هيلميت بيكرى HELMUT BAKERY."",sk-0518,""Cinnamon Roll"",""لفائف القرفه"",قطعه,1,,4.25,"
"BAKR0002,""هيلميت بيكرى HELMUT BAKERY."",sk-0554,Cookies,كوكيز,قطعه,1,,4.25,"
"BAKR0002,""هيلميت بيكرى HELMUT BAKERY."",sk-0575,Danish,""دانيش / خوخ , بلوبيري"",قطعه,1,,4,"
"BAKR0002,""هيلميت بيكرى HELMUT BAKERY."",sk-0652,""Pizza Mitso"",""بيتزا ميتسو"",قطعة,1,,7.75,"
"BAKR0002,""هيلميت بيكرى HELMUT BAKERY."",sk-0653,""Cheese pizza"",""بيتزا اجبان"",قطعة,1,,7,"
"BAKR0002,""هيلميت بيكرى HELMUT BAKERY."",sk-0654,""Margherita Pizza"",""بيتزا مارجريتا"",قطعة,1,,6,"
"BAKR0001,""بيكرى بايتس BAKERY BITES."",BAK-002,""Cheese Croissant HB"",""كروسان الجبن"",قطعة,1,,4.5,"
"BAKR0001,""بيكرى بايتس BAKERY BITES."",CAK-004,""English Lemon Cake BB"",""كيك الليمون الانجليزي"",قطعة,1,1,3.68,"
"BAKR0001,""بيكرى بايتس BAKERY BITES."",CAK-005,""Marble Cake BB"",""ماربل كيك"",قطعة,1,1,4.7,"
"BAKR0001,""بيكرى بايتس BAKERY BITES."",sk-0592,""Classic cheesecake"",""تشيز كيك كلاسيك"",قطعة,1,1,9,"
"BAKR0001,""بيكرى بايتس BAKERY BITES."",sk-0593,""Carrot Cake"",""كيكة الجزر"",قطعة,1,1,9,"
"BAKR0001,""بيكرى بايتس BAKERY BITES."",sk-0596,""London cheesecake"",""تشيز كيك لندن"",قطعة,1,1,9,"
"BAKR0001,""بيكرى بايتس BAKERY BITES."",sk-0597,""Caramel Pecan Cheesecake BB"",""كراميل البيكان"",قطعة,1,1,9,"
"BAKR0003,""القمح ALQMH BAKERY."",SW-001,""Souffle AQ"",سوفلية,قطعة,1,1,11,"
"BAKR0003,""القمح ALQMH BAKERY."",SW-002,""Dates Pudding AQ"",""بودنج التمر"",قطعة,1,1,11,"
"BAKR0003,""القمح ALQMH BAKERY."",SW-003,""Honey Cake AQ"",""كيكة العسل"",قطعة,1,,13,"
"BAKR0003,""القمح ALQMH BAKERY."",SW-005,""Saffron Cake AQ"",""كيكة الحليب (زعفران)"",قطعة,1,,11,"
"BAKR0003,""القمح ALQMH BAKERY."",SW-017,""Pecan Tart AQ"",""تارت البيكان"",قطعة,1,,11,"
"BAKR0003,""القمح ALQMH BAKERY."",sk-0537,""Creme Brulee"",""تشيز كيك كريم بروليه"",قطعه,1,1,13,"
"BAKR0003,""القمح ALQMH BAKERY."",sk-0596,""London cheesecake"",""تشيز كيك لندن"",قطعة,1,,14,"
"BAKR0003,""القمح ALQMH BAKERY."",sk-0609,""Cheesecake Cup Vanilla"",""كوب تشيز كيك فانيليا"",قطعة,1,,14,"
"BAKR0003,""القمح ALQMH BAKERY."",sk-0610,""Chocolate Moussecake"",""كعكة موس الشوكولاته"",قطعة,1,,12,"
"BAKR0003,""القمح ALQMH BAKERY."",sk-0611,""Cheesecake Pecan"",""تشيز كيك البيكان"",قطعة,1,,15,"
"BAKR0003,""القمح ALQMH BAKERY."",sk-0612,""Pistachio Cheese Cake"",""تشيزكيك الفستق"",قطعة,1,,15,"
"CAEW0001,""كاجو CASHEW."",SW-008,""Chocolate Peanut Cake CS"",""كيك الفول السوداني بالشوكولاتة"",قطعة,1,,8.75,"
"KAF0001,""KAIF SHIOUKH كيف الشيوخ"",OP-0354,""Turkish Coffee"",""قهوه تركى"",كيس,1,1,65,"
"KAF0001,""KAIF SHIOUKH كيف الشيوخ"",OP-0358,""CARDAMON هيل"",,كليو,1,1,107.5,"
"KAF0001,""KAIF SHIOUKH كيف الشيوخ"",OP-0364,""arbic coffe قهوه عربى"",""قهوه عربى"",علبة,1,1,40,"
"KAF0001,""KAIF SHIOUKH كيف الشيوخ"",OP-0398,Dates,""تمر سكري"",كرتون,1,1,62,"
"KAF0001,""KAIF SHIOUKH كيف الشيوخ"",OP-0399,""طحينية  Tahina"",,حبة,1,1,7,"
"KAF0001,""KAIF SHIOUKH كيف الشيوخ"",sk-0552,كركدية,كركدية,علبة,1,1,0.4,"
"HANV0001,""هنوفيرين Hanoviran ساحة المجد"",CAK-004,""English Lemon Cake BB"",""كيك الليمون الانجليزي"",قطعة,1,,7,"
"HANV0001,""هنوفيرين Hanoviran ساحة المجد"",HAN-001,""Coffee Cake"",""كعك القهوة"",قطعة,1,,7,"
"HANV0001,""هنوفيرين Hanoviran ساحة المجد"",HAN-002,""Cream Burlee"",""كريم بورلية"",قطعة,1,,7,"
"HANV0001,""هنوفيرين Hanoviran ساحة المجد"",HAN-003,""Lamington Cake"",""تارت جوز الهند"",قطعة,1,,7,"
"HANV0001,""هنوفيرين Hanoviran ساحة المجد"",HAN-004,""Chocolate Boat"",""شوكلت بوت"",قطعة,1,,7,"
"wat2,""AL DIYAFA اعمال الضيافة"",Op-0417,""Dark chocolate sauce"",""صوص شيكولاة غامق"",Box,4,,360,"
"wat2,""AL DIYAFA اعمال الضيافة"",Op-0415,""white chocolat sauce"",""صوص شيكولاه ابيض"",box,4,,360,"
"wat2,""AL DIYAFA اعمال الضيافة"",Op-0416,""dark caramel sauce"",""صوص كراميل غامق"",علبة,4,,360,"
"wat2,""AL DIYAFA اعمال الضيافة"",wat-002,""Acqua Panna Water 750ML"",""مياه اكوابانا 750م"",بوكس,1,1,79,"
"wat2,""AL DIYAFA اعمال الضيافة"",wat-004,""ML250 Sparkling Water مياه غازى"",""مياه فوارة 250م"",كرتون,1,1,91,"
"SH1,""SAVA HOSPITALIY سافا للضيافة"",OP-0365,""morocan tea شاى مغربى"",,علبة,1,1,210,"
"SH1,""SAVA HOSPITALIY سافا للضيافة"",OP-0254,""Breakfast elixer شاى"",,علبة,1,,,"
"SH1,""SAVA HOSPITALIY سافا للضيافة"",OP-0407,""ASSAM شاى اسود"",""شاى النزهه"",كيلو,1,,,"
"SH1,""SAVA HOSPITALIY سافا للضيافة"",OP-0408,""GREEN TEA CURLS شاى اخضر"",""شاى اخضر النزهه والحبيب"",كيلو,1,,,"
"NOVA,""NOVA WATER"",WAT7,""NOVA WATER"",نوفا,Unit,1,,,"
"NOVA,""NOVA WATER"",sk-0431,""NOVA 250"",""نوفا 250"",Unit,1,,,"
"NOVA,""NOVA WATER"",SW-0018,"".NOVA Sparkling 250"","".نوفا غازية 250"",بوكس,1,,50,"
"NOVA,""NOVA WATER"",sk-0541,"".NOVA 330"",""نوفا 330."",كرتون,1,,14.29,"
"NOVA,""NOVA WATER"",sk-0598,""consumed items"",""مواد مستهلكة"",كرتون,1,,13.62,"
"101,""اكياس القهوة المحمصه للفروع"",RB-0378,""NOVEMER BLEND محمص"",""نوفمبر بلند"",كيس,1,1,8.36,"
"101,""اكياس القهوة المحمصه للفروع"",SW-0014,"". COSTA RICA 1KG"",كوستاريكا,كيس,1,1,11.1,"
"101,""اكياس القهوة المحمصه للفروع"",rb-1004,""Sudan Rume 250 g"",""سودان روم 250 g"",كيس,1,1,75.075,"
"101,""اكياس القهوة المحمصه للفروع"",sk-0467,KOKE,كوكي,كيس,1,1,10.605,"
"101,""اكياس القهوة المحمصه للفروع"",RB-0380,Idido,أديدو,كيس,1,1,10.6,"
"101,""اكياس القهوة المحمصه للفروع"",sk-0512,""Colombian Tolima"",""توليما كولومبي"",كيس,1,1,12.375,"
"101,""اكياس القهوة المحمصه للفروع"",sk-0513,""Rwandan Coffee Roasted   002B"",""قهوة رواندي طبيعية محمصة002B"",""كيلو جرام"",1,,,"
"101,""اكياس القهوة المحمصه للفروع"",sk-0514,""Roasted natural Rwandan coffee  002A"",""قهوة رواندي طبيعية محمصة 002A"",كيس,1,1,11.88,"
"101,""اكياس القهوة المحمصه للفروع"",sk-0535,""General roasted coffee"",""بن محمص عام"",كيلو,1,1,40,"
"101,""اكياس القهوة المحمصه للفروع"",sk-0568,""Dried Arabica Mexico"",""مكسيك اربيكا مجففة"",كيس,1,1,13.625,"
"101,""اكياس القهوة المحمصه للفروع"",sk-0569,""Sidomo BULE HORA 250g"",""بلوهورا ٢٥٠ جم"",كيس,1,1,11.1,"
"101,""اكياس القهوة المحمصه للفروع"",sk-0570,Brazil,""فزيندا برازيلي جديد"",كيس,1,1,7.2,"
"101,""اكياس القهوة المحمصه للفروع"",sk-0571,Konga,""كونقا جديد"",كيس,1,1,10.6,"
"101,""اكياس القهوة المحمصه للفروع"",sk-0595,""Mexico Pache"",""مكسيكي باتشي"",كيس,1,,11.44,"
"101,""اكياس القهوة المحمصه للفروع"",sk-0599,""Panama Caturra 250"",""بنما كاتورا"",كيس,1,,11.36,"
"101,""اكياس القهوة المحمصه للفروع"",sk-0600,""De Caffeine 250g"",""250g دي كافين"",كيس,1,,11.875,"
"101,""اكياس القهوة المحمصه للفروع"",sk-0603,""mexico washed"",""مكسيكي مغسولة"",كيس,1,,9.91,"
"101,""اكياس القهوة المحمصه للفروع"",sk-0604,""Honey Mexico"",""مكسيكي عسلية"",كيس,1,,11.12,"
"101,""اكياس القهوة المحمصه للفروع"",sk-0605,""Panama Catuai"",""بنما كاتواي"",كيس,1,,11.357,"
"101,""اكياس القهوة المحمصه للفروع"",sk-0608,""washed Patchi 250 g"",""مغسولة باتشي 250 g"",كيس,1,,9.25,"
"101,""اكياس القهوة المحمصه للفروع"",sk-0613,""Burundi 250 g"",""برواندي 250 g"",كيس,1,,8.75,"
"101,""اكياس القهوة المحمصه للفروع"",sk-0615,""Shakiso 250 g"",""شاكيسو ٢٥٠ g"",كيس,1,,9.75,"
"101,""اكياس القهوة المحمصه للفروع"",sk-0616,""Costa Rica Naranjo 250g"",""كوستاريكا نارينجو ٢٥٠ g"",كيس,1,,10.47,"
"101,""اكياس القهوة المحمصه للفروع"",sk-0617,""Uraga 250 g"",""اوراقا 250 g"",كيس,1,,10.63,"
"101,""اكياس القهوة المحمصه للفروع"",sk-0639,""Mexico Catura 250g"",""مكسيكي كاتورا  250G"",كيس,1,,14.375,"
"101,""اكياس القهوة المحمصه للفروع"",sk-0640,""Mexico qicha 250g"",""مكسيكي قيشا 250 g"",كيس,1,,11.88,"
"101,""اكياس القهوة المحمصه للفروع"",sk-0641,""uper Natural l Uraga 250G"",""اوراقا سوبر ناتشورال 250G"",كيس,1,,20.39,"
"101,""اكياس القهوة المحمصه للفروع"",sk-0666,""Garagari Gutity 250 g"",""قاراقاري قوتيتي 250 g"",كيس,1,,10.625,"
"101,""اكياس القهوة المحمصه للفروع"",sk-0668,""Aricha 250g"",""اريكا 250 g"",كيس,1,,10.625,"
",""مورد متنوع"",sk-0446,""PHD Protein"",,Unit,1,,,"
",""مورد متنوع"",sk-0460,""PHD Protein2"",""بروتين كيك"",Unit,1,,,"
",""مورد متنوع"",sw-0013,""PHD Protein 3"",""بروتين كيك 3"",حبة,1,,5,"
",""مورد متنوع"",SW-0017,.CUP,""كوب سيراميك"",قطعه,1,,,"
",""بيت التحميص"",rb-1005,"".Hario V60 Range 600ml"",,قطعه,1,,,"
",""بيت التحميص"",rb-1006,"".Hario V60 Range 360ml"",,قطعه,1,1,51,"
",""بيت التحميص"",rb-1008,"".Hario V60 Dripper Clear"",,قطعه,1,,,"
",""بيت التحميص"",rb-1009,"".Hario V60 Dripper Ceramic"",,قطعه,1,,,"
",""حسين القطان"",Op-0418,""Brown Sugar packs"",""عبوات سكر بني"",بوكس,1,,74.9988,"
",""حسين القطان"",Op-0419,""white sugar"",""سكر ابيض"",كرتون,1,,30.4348,"
",""حسين القطان"",Op-0421,""hand wipes"",""مناديل يد"",كرتونه,1,,52.1845,"
",""حسين القطان"",Op-0423,""Maxi Roll Autokat"",""ماكسي رول اوتوكات"",كرتون,1,,60.8695,"
",""حسين القطان"",Op-0426,""black mask"",""ماسك اسود"",كرتون,1,,100,"
",""حسين القطان"",Op-0429,""2Cups Holder in packs"",""2حامل أكواب في عبوات"",كرتون,1,,66.96,"
",""حسين القطان"",Op-0430,""4Cups Holder in packs"",""4حامل أكواب في عبوات"",كرتون,1,,60.8696,"
",""حسين القطان"",Op-0439,""black plastic knife"",""سكين اسود بلاستيك"",شد,1,,2.39,"
",""حسين القطان"",Op-0440,""black plastic fork"",""شوكه اسود بلاستيك"",شدة,1,,2.39,"
",""حسين القطان"",Op-0441,""black plastic spoons"",""ملاعق اسود بلاستيك"",شد,1,,2.39,"
",""حسين القطان"",Op-0442,""estrw6 mm black"",""مزاز 6 ملي اسود"",كرتون,1,,100,"
",""حسين القطان"",Op-0443,""VIP dining set"",""طقم سفره vip"",كرتون,1,,81.3,"
",""حسين القطان"",sk-0516,""table napkins"",""مناديل طاولة"",كرتون,1,,152.61,"
",""حسين القطان"",sk-0519,""cup 12 oz  White (يوم التاسيس)"",""اكواب 12 اونز ابيض (يوم التاسيس)"",كرتون,1,,455,"
",""حسين القطان"",sk-0520,""cup 12 oz black (يوم التاسيس)"",""اكواب 12 اونز اسود (يوم التاسيس)"",كرتون,1,,455,"
",""حسين القطان"",sk-0521,""cup 9oz White (يوم التاسيس)"",""اكواب 9اونز ابيض (يوم التاسيس)"",كرتون,1,,355,"
",""حسين القطان"",sk-0524,""small carton online"",""كرتون صغير اون لاين"",حبة,1,,3,"
",""حسين القطان"",sk-0525,""blue whipple roll towels"",""مناشف رول ويبال ازرق"",شد,1,,91.3,"
",""حسين القطان"",sk-0527,""big white glove"",""قفاز ابيض كبير"",علبة,1,,10.4346,"
",""حسين القطان"",sk-0538,""wooden stirrer"",""محراك خشب"",كرتون,1,,104.35,"
",""حسين القطان"",sk-0539,""Thermal cashier roll"",""رول كاشير حراري"",كرتون,1,,73.913,"
",""حسين القطان"",sk-0542,""glass cans"",""علب زجاج"",كرتون,1,,113.043,"
",""حسين القطان"",sk-0543,""white coffee bags"",""اكياس قهوة لون ابيض 1000 جرام"",كرتون,1,,530.43,"
",""حسين القطان"",sk-0544,""8 ounce cups"",""اكواب  8 اونز الجديد"",كرتون,1,,82.61,"
",""حسين القطان"",sk-0545,""4 ounce cups"",""اكواب 4 اونز"",كرتون,1,,65.216,"
",""حسين القطان"",sk-0551,""علبة كيك مستطيل"",,كرتون,1,,143.48,"
",""حسين القطان"",sk-0553,""White coffee bags, a quarter of a kilo"",""اكياس بن ربع كيلو ابيض 250 جرام"",كرتون,1,,913.04,"
",""حسين القطان"",sk-0565,""Paper Bags (Burger + Cookies)"",""اكياس ورقية (برجر + كوكيز)"",كرتون,1,,86.956,"
",""حسين القطان"",sk-0573,""حافظه مشروبات لتر ونص"",""علب بلاستيك لتر ونص"",حبة,1,,1.05,"
",""حسين القطان"",sk-0579,""Small white paper bags"",""اكياس ورقية ابيض صغير للحبيب"",كرتون,1,,160.87,"
",""حسين القطان"",sk-0580,""plastic cansml 200"",""علب بلاستيك 200 ملي"",كرتون,1,,121.74,"
",""حسين القطان"",sk-0582,فلين,فلين,شدة,1,,95.65,"
",""حسين القطان"",sk-0585,""Transparent liter plastic boxes"",""علب بلاستيك لتر شفاف"",كرتون,1,,73.91,"
",""حسين القطان"",sk-0586,""White napkins"",""مناديل سفرة ابيض"",كرتون,1,,80,"
",""حسين القطان"",sk-0587,""Croissant white paper bags"",""اكياس ورقية ابيض كروسان"",كرتون,1,,169.562,"
",""حسين القطان"",sk-0594,""November hanger paper bag (Al Qattan)"",""كيس ورق علاقي نوفمبر ( القطان )"",كرتون,1,,104.85,"
",""حسين القطان"",sk-0598,""consumed items"",""مواد مستهلكة"",قطعة,1,,178.26,"
",الناصر,Op-0417,""Dark chocolate sauce"",""صوص شيكولاة غامق"",حبة,1,,95,"
",الناصر,Op-0415,""white chocolat sauce"",""صوص شيكولاه ابيض"",علبة,1,,109.86,"
",الناصر,Op-0416,""dark caramel sauce"",""صوص كراميل غامق"",حبة,1,,95,"
",الناصر,Op-0411,""Mojito syrap"",""سيراب موهيتو"",1,1,,39.13,"
",الناصر,OP-0409,""peach syrup"",""سيراب خوخ"",1,1,,47.39,"
",الناصر,OP-0410,""Vanilla syrup"",""سيرب الفانيلا"",حبة,1,,47.39,"
",الناصر,Op-0413,""pure syrap"",""سيراب سكر القصب"",حبة,1,,47.39,"
",الناصر,Op-0414,""strawberry syrup"",""سيراب الفراولة"",1,1,,47.39,"
",الناصر,Op-0419,""white sugar"",""سكر ابيض"",كرتون,1,,14.78,"
",الناصر,Op-0421,""hand wipes"",""مناديل يد"",كرتونه,1,,53.91,"
",الناصر,Op-0422,""Toilet paper"",""مناديل حمام"",شد,1,0,60,"
",الناصر,Op-0423,""Maxi Roll Autokat"",""ماكسي رول اوتوكات"",كرتون,1,,73.91,"
",الناصر,Op-0426,""black mask"",""ماسك اسود"",كرتون,1,,130.43,"
",الناصر,Op-0427,""white gloves M"",""قفازات ابيض وسط"",علبه,1,,4.78,"
",الناصر,Op-0429,""2Cups Holder in packs"",""2حامل أكواب في عبوات"",كرتون,1,,36.52,"
",الناصر,Op-0430,""4Cups Holder in packs"",""4حامل أكواب في عبوات"",شد,1,,69.57,"
",الناصر,Op-0439,""black plastic knife"",""سكين اسود بلاستيك"",كرتون,20,,38.26,"
",الناصر,Op-0440,""black plastic fork"",""شوكه اسود بلاستيك"",كرتون,20,,38.26,"
",الناصر,Op-0441,""black plastic spoons"",""ملاعق اسود بلاستيك"",كرتون,20,,56.52,"
",الناصر,Op-0442,""estrw6 mm black"",""مزاز 6 ملي اسود"",كرتون,1,,86.96,"
",الناصر,Op-0443,""VIP dining set"",""طقم سفره vip"",كرتون,1,,85.22,"
",الناصر,Op-0444,""medium shipping carton"",""كرتون شحن وسط"",حبة,1,,4.35,"
",الناصر,Op-0446,""coated thistle"",""شوك مغلف"",كرتون,1,,86.96,"
",الناصر,sk-0515,""Maxi Roll Gold"",""مناديل ماكسي رول جولد"",كرتون,1,,47.83,"
",الناصر,sk-0523,""Cardboard medium online"",""كرتون وسط اون لاين"",حية,1,,4.35,"
",الناصر,sk-0524,""small carton online"",""كرتون صغير اون لاين"",حبة,1,,2.61,"
",الناصر,sk-0525,""blue whipple roll towels"",""مناشف رول ويبال ازرق"",شد,1,,130.43,"
",الناصر,sk-0526,""black knife"",""سكين اسود"",كرتون,1,,56.52,"
",الناصر,sk-0527,""big white glove"",""قفاز ابيض كبير"",علبة,1,,6,"
",الناصر,sk-0528,""nylon glove"",""قفاز نايلون"",كرتون,1,,45.22,"
",الناصر,sk-0538,""wooden stirrer"",""محراك خشب"",كرتون,1,1,113.05,"
",الناصر,sk-0539,""Thermal cashier roll"",""رول كاشير حراري"",كرتون,1,,82.61,"
",الناصر,sk-0542,""glass cans"",""علب زجاج"",كرتون,1,,121.74,"
",الناصر,sk-0548,""Epivia condensed milk"",""حليب مكثف ابيفيا"",علبة,1,,3.35,"
",الناصر,sk-0551,""علبة كيك مستطيل"",,كرتون,1,,147.83,"
",الناصر,sk-0553,""White coffee bags, a quarter of a kilo"",""اكياس بن ربع كيلو ابيض 250 جرام"",كرتون,1,1,1490,"
",الناصر,sk-0566,""transparent tape"",""تيب شفاف"",كرتون,1,,52.17,"
",الناصر,sk-0581,""Cleaner materials"",""مواد نظافة"",كرتون,1,,40.87,"
",الناصر,sk-0586,""White napkins"",""مناديل سفرة ابيض"",كرتون,1,,60,"
",الناصر,sk-0594,""November hanger paper bag (Al Qattan)"",""كيس ورق علاقي نوفمبر ( القطان )"",كرتون,1,,84.35,"
",الناصر,sk-0598,""consumed items"",""مواد مستهلكة"",قطعة,1,,65.22,"
",""الشمس الملونة"",Op-0419,""white sugar"",""سكر ابيض"",كرتون,1,,30,"
",""الشمس الملونة"",Op-0431,""Double printed cup holder"",""حامل اكواب ثنائي مطبوع"",شد,500,,1250,"
",""الشمس الملونة"",Op-0432,""1 liter coffee box"",""بوكس قهوة ١ لتر"",كرتون,1,,2626,"
",""الشمس الملونة"",Op-0433,""Coffee box 1.50 liters"",""بوكس قهوة ١.٥٠ لتر"",شد,1,,501,"
",""الشمس الملونة"",Op-0434,""8 ozjacket cold cups"",""جاكيت اكواب بارد 8 اونز"",حبة,1,,0.58,"
",""الشمس الملونة"",Op-0435,""12 cold printed cups"",""اكواب 12 بارد مطبوع"",حبة,1,,0.34,"
",""الشمس الملونة"",Op-0438,""Cold 12 ounce cups جديد"",""اكواب 12 اونز جديد"",كرتون,1,,320,"
",""الشمس الملونة"",Op-0444,""medium shipping carton"",""كرتون شحن وسط"",حبة,1,,3.83,"
",""الشمس الملونة"",Op-0447,""printed paper bag"",""كيس ورق علاقي سادة"",كرتون,1,,84,"
",""الشمس الملونة"",Op-0448,""Small dessert paper bag"",""كيس ورق للحلا صغير"",شد,1000,,100,"
",""الشمس الملونة"",sk-0517,""november napkins printed"",""مناديل نوفمبر مطبوع"",كرتون,1,,75,"
",""الشمس الملونة"",sk-0523,""Cardboard medium online"",""كرتون وسط اون لاين"",حبة,1,,1.29,"
",""الشمس الملونة"",sk-0524,""small carton online"",""كرتون صغير اون لاين"",حبة,1,,0.93,"
",""الشمس الملونة"",sk-0551,""علبة كيك مستطيل"",,كرتون,1,,150,"
",""الشمس الملونة"",sk-0574,""12 ozjacket cold cups"",""جاكيت اكواب بارد 12 اونز"",حبة,1,,0.37,"
",""الشمس الملونة"",sk-0586,""White napkins"",""مناديل سفرة ابيض"",كرتون,1,,75,"
",""الشمس الملونة"",sk-0594,""November hanger paper bag (Al Qattan)"",""كيس ورق علاقي نوفمبر ( القطان )"",كرتون,1,,168,"
",""باريستا تولز"",SW-0015,"".Chemex 3 cup paper filter"",""فلتر كميكس 3 اكواب ورقي"",علبة,1,1,31.5,"
",""باريستا تولز"",SW-0016,"".Chemex 3cup"",""فلتر كميكس 3 كوب"",قطعه,1,,136,"
",""باريستا تولز"",rb-1003,"".Chemex 6 cups filter"",""فلتر ورقي 6 كوب"",علبة,1,1,32,"
",""باريستا تولز"",rb-1007,"".Hario V60 Filter"",,قطعه,1,,,"
",باسمح,OP-0355,""NESTLAE نيستل"",""حليب نيستل"",كرتون,1,1,63,"
",""معمل الكريستال"",Op-0418,""Brown Sugar packs"",""عبوات سكر بني"",كرتونة,1,,91,"
",""الثمار المباركة"",Op-0419,""white sugar"",""سكر ابيض"",box,1,,50,"
",""الثمار المباركة"",Op-0420,""Brown sugar"",""سكر بني"",box,1,,70,"
",""spc - الشركة السعودية لتحويل الورق"",Op-0421,""hand wipes"",""مناديل يد"",كرتونه,1,,48,"
",""spc - الشركة السعودية لتحويل الورق"",Op-0422,""Toilet paper"",""مناديل حمام"",شد,12,,60,"
",""spc - الشركة السعودية لتحويل الورق"",Op-0423,""Maxi Roll Autokat"",""ماكسي رول اوتوكات"",شد,1,,65,"
",""spc - الشركة السعودية لتحويل الورق"",Op-0424,""folded toilet paper"",""مناديل حمام مطوي"",كرتونه,1,,46,"
",""spc - الشركة السعودية لتحويل الورق"",sk-0515,""Maxi Roll Gold"",""مناديل ماكسي رول جولد"",كرتون,1,,57,"
",""spc - الشركة السعودية لتحويل الورق"",sk-0517,""november napkins printed"",""مناديل نوفمبر مطبوع"",كرتون,1,,51,"
",""spc - الشركة السعودية لتحويل الورق"",sk-0586,""White napkins"",""مناديل سفرة ابيض"",كرتون,1,,46,"
",""Nadec - نادك"",OP-0353,MILK,حليب,""2.85 لتر"",2.85,1,13.65,"
",""Nadec - نادك"",OP-0366,""Whipping cream كريمة الخفق"",كريمة,لتر,1,1,20,"
",""Almarai  - المراعي"",OP-0353,MILK,حليب,""2 لتر"",2,1,18.2,"
",""Emran - عمران عبد العزيز للتجارة"",sk-0504,""Dark chocolate beans"",""شيكولاتة غامق حبوب"",كيلو,1,1,40,"
",""مؤسسة ادوات القهوه"",SW-0015,"".Chemex 3 cup paper filter"",""فلتر كميكس 3 اكواب ورقي"",علبة,1,1,31.5,"
",""مؤسسة ادوات القهوه"",rb-1002,"".Chemex Classic 6-Cups"",""فلتر كميكس 6 اكواب."",كرتون,1,,877.5,"
",""مؤسسة ادوات القهوه"",rb-1007,"".Hario V60 Filter"",,شدة,1,,12,"
",""مؤسسة ادوات القهوه"",sk-0529,""paper filter"",""فلتر ورقي قهوة اليوم"",كرتون,1,,117.8,"
",""مؤسسة ادوات القهوه"",sk-0530,""pule steam cleaner"",""منظف الاستيم"",حبة,1,,45.5,"
",""مؤسسة ادوات القهوه"",sk-0531,""puly cleaning powder 900g"",""بودره تنظيف"",حبة,1,,35.75,"
",""مؤسسة ادوات القهوه"",sk-0532,""V60 set"",""طقم التحضير"",حبة,1,,56,"
",""مؤسسة ادوات القهوه"",sk-0533,""GRINDER -Hario"",""مطحنة يدوية"",حبة,1,,94.35,"
",""مؤسسة ادوات القهوه"",sk-0567,""Cold Pro Filter"",""فلتر كولد برو"",حبة,1,,359.98,"
",""مؤسسة ادوات القهوه"",sk-0598,""consumed items"",""مواد مستهلكة"",كرتون,1,,1,"
",""مؤسسة ادوات القهوه"",sk-0601,""Hario V60 Range 500ml"",,حبة,1,,57,"
",""جودة الورق لصناعة الورق"",sk-0539,""Thermal cashier roll"",""رول كاشير حراري"",كرتون,1,,,"
",""جودة الورق لصناعة الورق"",sk-0540,""thermal mesh roll"",""رول شبكة حراري"",كرتون,1,,160,"
",""جودة الورق لصناعة الورق"",sk-0598,""consumed items"",""مواد مستهلكة"",قطعة,1,,,"
",""شركة نيلوفر السكة للمياة"",sk-0541,"".NOVA 330"",""نوفا 330."",كرتون,1,,16.087,"
",""الشركة السعودية لمنتجات الالبان - سدافكو"",OP-0360,""ICE CREAM Vanilla"",""ايس كريم فانيلا"",box,6,1,135.22,"
",""الشركة العربية للمنتجات الورقية"",sk-0544,""8 ounce cups"",""اكواب  8 اونز الجديد"",كرتون,1,,190,"
",""الشركة العربية للمنتجات الورقية"",sk-0545,""4 ounce cups"",""اكواب 4 اونز"",كرتون,1,,90,"
",""الشركة العربية للمنتجات الورقية"",sk-0546,""9 ounce cups"",""اكواب 9 اونز + 10 اونز الجديد"",كرتون,1,,237.75,"
",""الشركة العربية للمنتجات الورقية"",sk-0547,""16 ounce cups"",""اكواب16 اونز"",كرتون,1,,201.76,"
",""شركة القريشي للتسويق المحدودة"",sk-0548,""Epivia condensed milk"",""حليب مكثف ابيفيا"",علبة,1,,3.31,"
",""شركة شمو للاغذية."",OP-0361,""Arabian night tea"",,كيلو,1,,300,"
",""شركة شمو للاغذية."",OP-0365,""morocan tea شاى مغربى"",,علبة,1,1,30.44,"
",""شركة شمو للاغذية."",OP-0254,""Breakfast elixer شاى"",,علبة,1,0,34.51,"
",""شركة شمو للاغذية."",OP-0408,""GREEN TEA CURLS شاى اخضر"",""شاى اخضر النزهه والحبيب"",علبة,1,0,34.51,"
",""وادى النحل"",sk-0552,كركدية,كركدية,بوكس,12,1,140,"
",""مؤسسة الفطيرة والسكر - Le Miche"",SW-001,""Souffle AQ"",سوفلية,قطعة,1,,5.26,"
",""مؤسسة الفطيرة والسكر - Le Miche"",sw-0006,"".Sandwich Halloumi"",""ساندوتش حلومي"",قطعة,1,,9,"
",""مؤسسة الفطيرة والسكر - Le Miche"",SW-0010,"".Sandwich Tuna"",""ساندوتش تونة"",قطعه,1,,9.54,"
",""مؤسسة الفطيرة والسكر - Le Miche"",sk-0554,Cookies,كوكيز,قطعه,1,,3.37,"
",""مؤسسة الفطيرة والسكر - Le Miche"",sk-0642,""toffee budding"",""بودنج التوفي"",قطعة,1,,5.15,"
",""مؤسسة الفطيرة والسكر - Le Miche"",sk-0643,""Lava Cake"",""لافا كيك"",قطعة,1,,6.04,"
",""مؤسسة نجيز / Peri Bakery"",sw-0006,"".Sandwich Halloumi"",""ساندوتش حلومي"",قطعة,1,,7.5,"
",""مؤسسة نجيز / Peri Bakery"",SW-0009,"".Sandwich Turkey"",""ساندوتش ديك رومي"",قطعه,1,,9.75,"
",""مؤسسة نجيز / Peri Bakery"",sk-0558,""berry cheesecake"",""كعكة التوت"",قطعه,1,,15,"
",""مؤسسة نجيز / Peri Bakery"",sk-0559,MilleFeuille,ميلفيه,قطعه,1,,15,"
",""مؤسسة نجيز / Peri Bakery"",sk-0560,""Chocolate Eclair"",,قطعه,1,,13.5,"
",""مؤسسة نجيز / Peri Bakery"",sk-0561,""tart mix red berry"",""تارت التوت الاحمر"",قطعه,1,,16,"
",""مؤسسة نجيز / Peri Bakery"",sk-0592,""Classic cheesecake"",""تشيز كيك كلاسيك"",قطعة,1,,9.5,"
",""مؤسسة نجيز / Peri Bakery"",sk-0606,""Chocolate cake"",""كيك الشوكولاتة"",قطعة,1,,10,"
",""مؤسسة نجيز / Peri Bakery"",sk-0607,""Chocolate tart"",""تارت شوكلت"",قطعة,1,,8,"
",""مشتريات عصائر خارجية (عهدة احمد المشجري )"",OP-0353,MILK,حليب,لتر,1,,4,"
",""مشتريات عصائر خارجية (عهدة احمد المشجري )"",Op-0411,""Mojito syrap"",""سيراب موهيتو"",كيلو,1,,50,"
",""مشتريات عصائر خارجية (عهدة احمد المشجري )"",Op-0414,""strawberry syrup"",""سيراب الفراولة"",كيلو,1,,50,"
",""مشتريات عصائر خارجية (عهدة احمد المشجري )"",sk-0504,""Dark chocolate beans"",""شيكولاتة غامق حبوب"",كيلو,1,,59.13,"
",""مشتريات عصائر خارجية (عهدة احمد المشجري )"",sk-0527,""big white glove"",""قفاز ابيض كبير"",علبة,1,,5.2,"
",""مشتريات عصائر خارجية (عهدة احمد المشجري )"",sk-0534,Orange,برتقال,كيلو,1,,20,"
",""مشتريات عصائر خارجية (عهدة احمد المشجري )"",sk-0548,""Epivia condensed milk"",""حليب مكثف ابيفيا"",علبة,1,,3.297,"
",""مشتريات عصائر خارجية (عهدة احمد المشجري )"",sk-0552,كركدية,كركدية,علبة,1,,3.6,"
",""مشتريات عصائر خارجية (عهدة احمد المشجري )"",sk-0578,""ليمون ونعناع"",,كيلو,1,,3,"
",""مشتريات عصائر خارجية (عهدة احمد المشجري )"",sk-0591,Patiswiss,""شوكولاتة فواكة"",حبة,1,,12.65,"
",""مشتريات عصائر خارجية (عهدة احمد المشجري )"",sk-0594,""November hanger paper bag (Al Qattan)"",""كيس ورق علاقي نوفمبر ( القطان )"",كرتون,1,,105,"
",""مشتريات عصائر خارجية (عهدة احمد المشجري )"",sk-0598,""consumed items"",""مواد مستهلكة"",كرتون,1,,50,"
",""مشتريات عصائر خارجية (عهدة احمد المشجري )"",sk-0635,""Matcha powder"",""ماتشا بودر"",كيلو,1,,630,"
",""مشتريات عصائر خارجية (عهدة احمد المشجري )"",sk-0669,""Classic waffle"",""وافل كلاسيك"",حبة,1,,11,"
",""مشتريات عصائر خارجية (عهدة احمد المشجري )"",sk-0670,""Chocolate waffle"",""وافل تشوكلت"",حبة,1,,13,"
,HACKED,sk-0554,Cookies,كوكيز,قطعه,1,,3.81,
",""SHANGHAI BLUE GREEN PACKAGING"",sk-0543,""white coffee bags"",""اكياس قهوة لون ابيض 1000 جرام"",كرتون,1,,536.41,"
",""SHANGHAI BLUE GREEN PACKAGING"",sk-0553,""White coffee bags, a quarter of a kilo"",""اكياس بن ربع كيلو ابيض 250 جرام"",كرتون,1,,752.38,"
",""SHANGHAI BLUE GREEN PACKAGING"",sk-0588,""Coffee box"",""بوكس قهوة"",كرتون,1,,735.65,"
",""SHANGHAI BLUE GREEN PACKAGING"",sk-0589,""Chinese filter"",""فلتر صيني"",كرتون,1,,854.27,"
",""SHANGHAI BLUE GREEN PACKAGING"",sk-0590,""Small bag filter"",""فلتر كيس صغير"",كرتون,1,,385.4,"
",""Bid food"",wat-004,""ML250 Sparkling Water مياه غازى"",""مياه فوارة 250م"",كرتون,1,1,91,"
",""Lulu Bakery"",CAK-004,""English Lemon Cake BB"",""كيك الليمون الانجليزي"",قطعة,1,,6,"
",""Lulu Bakery"",CAK-005,""Marble Cake BB"",""ماربل كيك"",قطعة,1,1,6,"
",""Lulu Bakery"",sk-0602,""Chocolate banana muffin"",""مافن الموز بالشوكولاتة"",قطعة,1,,7,"
",""Lulu Bakery"",sk-0650,""cinamon ball"",""كور القرفه"",قطعة,1,,6,"
",""Lulu Bakery"",sk-0651,""Coconut ball"",""كرة جوز الهند"",قطعة,1,,6,"
",""Lulu Bakery"",sk-0671,""Layers sweet"",,حبة,1,,12,"
",""Lulu Bakery"",sk-0672,Basbusa,بسبوسة,حبة,1,,10,"
",""شركة  ركن الموردون التجارية"",sk-0504,""Dark chocolate beans"",""شيكولاتة غامق حبوب"",كيلو,1,,30,"
",""منبع القمح"",BKA-001,""Halloumi Roll"",""رول الحلومي"",قطعة,1,,7.5,"
",""منبع القمح"",BAK-002,""Cheese Croissant HB"",""كروسان الجبن"",قطعة,1,,3.5,"
",""منبع القمح"",BAK-004,""Plain Croissant HB"",""كرواسون سادة"",قطعة,1,,3,"
",""منبع القمح"",BAK-005,""Zaatar Croissant HB"",""كروسان الزعتر"",قطعة,1,,3.5,"
",""منبع القمح"",BAK-006,""Choco Roll HB"",""رول الشوكولاته"",قطعة,1,,3.5,"
",""منبع القمح"",SW-009,""Brownies HB"",""كيك براونيز"",قطعة,1,,6.5,"
",""منبع القمح"",CAK-004,""English Lemon Cake BB"",""كيك الليمون الانجليزي"",قطعة,1,,3.68,"
",""منبع القمح"",CAK-005,""Marble Cake BB"",""ماربل كيك"",قطعة,1,,4.7,"
",""منبع القمح"",SW-0009,"".Sandwich Turkey"",""ساندوتش ديك رومي"",قطعه,1,,7.5,"
",""منبع القمح"",SW-0010,"".Sandwich Tuna"",""ساندوتش تونة"",قطعه,1,,7.5,"
",""منبع القمح"",SW-0011,"".Chocolate Muffin"",""مافين الشوكالاتة"",قطعه,1,,4,"
",""منبع القمح"",SW-0012,"".Blueberry Muffin"",""مافن التوت الازرق"",قطعه,1,,4,"
",""منبع القمح"",sk-0518,""Cinnamon Roll"",""لفائف القرفه"",قطعه,1,,3.5,"
",""منبع القمح"",sk-0575,Danish,""دانيش / خوخ , بلوبيري"",قطعه,1,,4,"
",""OUT OF LINE BAKERY"",BAK-002,""Cheese Croissant HB"",""كروسان الجبن"",قطعة,1,,5.95,"
",""OUT OF LINE BAKERY"",BAK-004,""Plain Croissant HB"",""كرواسون سادة"",قطعة,1,,5.1,"
",""OUT OF LINE BAKERY"",SW-002,""Dates Pudding AQ"",""بودنج التمر"",قطعة,1,1,6.8,"
",""OUT OF LINE BAKERY"",sk-0618,""Pan Swiss Cheese"",""بان سويس الجبنة"",قطعة,1,,7.92,"
",""OUT OF LINE BAKERY"",sk-0619,""Pan Swiss Almond"",""بان سويس اللوز"",قطعة,1,,7.65,"
",""OUT OF LINE BAKERY"",sk-0620,""berry cheesecake"",""تشيز كيك التوت"",قطعة,1,,13,"
",""OUT OF LINE BAKERY"",sk-0621,Focaccia,فوكاتشيا,قطعة,1,,7.65,"
",""OUT OF LINE BAKERY"",sk-0622,""Danish Mango"",""دانيش المانجو"",قطعة,1,,13,"
",""OUT OF LINE BAKERY"",sk-0623,""Danish tahini"",""دانيش الطحينة"",قطعة,1,,5.95,"
",""OUT OF LINE BAKERY"",sk-0624,""Danish dates and cardamom"",""دانيش التمر والهيل"",قطعة,1,,7.04,"
",""OUT OF LINE BAKERY"",sk-0625,""Danish blueberry"",""دانيش التوت"",قطعة,1,,13,"
",""OUT OF LINE BAKERY"",sk-0626,""Tiramisu Roll"",""رول تراميسو"",قطعة,1,,11.05,"
",""OUT OF LINE BAKERY"",sk-0627,""Danish olive and tomato"",""دانش الطماطم"",قطعة,1,,5.95,"
",""OUT OF LINE BAKERY"",sk-0630,""DANISH FIG"",""دانيش التين"",قطعة,1,,7.65,"
",""OUT OF LINE BAKERY"",sk-0632,""Babka nutella"",""بابكا نوتيلا"",قطعة,1,,7.65,"
",""مصنع الكوب الذهبى للمنتجات الورقية"",Op-0433,""Coffee box 1.50 liters"",""بوكس قهوة ١.٥٠ لتر"",حبة,1,,4.5,"
",""مصنع الكوب الذهبى للمنتجات الورقية"",Op-0435,""12 cold printed cups"",""اكواب 12 بارد مطبوع"",حبة,1,,0.33,"
",""مصنع الكوب الذهبى للمنتجات الورقية"",Op-0438,""Cold 12 ounce cups جديد"",""اكواب 12 اونز جديد"",كرتون,1,,100,"
",""مصنع الكوب الذهبى للمنتجات الورقية"",sk-0516,""table napkins"",""مناديل طاولة"",كرتون,1,,75,"
",""مصنع الكوب الذهبى للمنتجات الورقية"",sk-0544,""8 ounce cups"",""اكواب  8 اونز الجديد"",كرتون,1,,85,"
",""مصنع الكوب الذهبى للمنتجات الورقية"",sk-0545,""4 ounce cups"",""اكواب 4 اونز"",كرتون,1,,80,"
",""مصنع الكوب الذهبى للمنتجات الورقية"",sk-0546,""9 ounce cups"",""اكواب 9 اونز + 10 اونز الجديد"",كرتون,1,,90,"
",""مصنع الكوب الذهبى للمنتجات الورقية"",sk-0547,""16 ounce cups"",""اكواب16 اونز"",كرتون,1,,130,"
",""مصنع الكوب الذهبى للمنتجات الورقية"",sk-0594,""November hanger paper bag (Al Qattan)"",""كيس ورق علاقي نوفمبر ( القطان )"",كرتون,1,,240,"
",""مصنع الكوب الذهبى للمنتجات الورقية"",sk-0628,""New printed paper plate"",""صحن ورقي مطبوع جديد"",حبة,1,,0.2,"
",""مصنع الكوب الذهبى للمنتجات الورقية"",sk-0629,""Transparent hard cover with click"",""غطاء مقوي شفاف مع كليك"",كرتون,1,,200,"
",""مصنع الكوب الذهبى للمنتجات الورقية"",sk-0659,""اكواب 7 اونز"",""اكواب 7 اونز"",كرتون,1,,110,"
",""مصنع الكوب الذهبى للمنتجات الورقية"",sk-0665,""Macaron dessert box"",""بوكس حلا ماكرون"",حبة,1,,0.59,"
",""بابكيه babkih"",sk-0631,""Babka cinnamon"",بابكا,قطعة,1,,7.5,"
",""بابكيه babkih"",sk-0632,""Babka nutella"",""بابكا نوتيلا"",قطعة,1,,9,"
",""بابكيه babkih"",sk-0633,""babka feta"",""بابكا فيتا"",قطعة,1,,7.5,"
",""بابكيه babkih"",sk-0634,""Babka zater"",""بابكا زعتر"",قطعة,1,,9,"
",""شركة جيرة لتقديم المشروبات (حى) الماتشا"",sk-0635,""Matcha powder"",""ماتشا بودر"",كيلو,1,,891,"
",""مؤسسة متجر أفانين التجارية"",sk-0504,""Dark chocolate beans"",""شيكولاتة غامق حبوب"",كيلو,1,,50.26,"
",""Slice مني عبد العزيز"",sk-0626,""Tiramisu Roll"",""رول تراميسو"",قطعة,1,,10,"
",""Slice مني عبد العزيز"",sk-0636,""PECAN CAKE ROLL"",""رول كيك البيكان"",قطعة,1,,10,"
",""Slice مني عبد العزيز"",sk-0656,""Lemon roll cake"",""كيك رول ليمون"",قطعة,1,,7,"
",""Slice مني عبد العزيز"",sk-0657,""Raspberry roll cake"",""كيك رول التوت"",قطعة,1,,8.5,"
",""شركة ابكار للصناعة (فلوريان)"",sk-0644,""chocolate cigar"",""شيكولاتة سيجار"",قطعة,1,,7.65,"
",""شركة ابكار للصناعة (فلوريان)"",sk-0645,""DRAGEE PECAN"",""دراجية بيكان"",قطعة,1,,7.7,"
",""شركة ابكار للصناعة (فلوريان)"",sk-0646,""DANTELLE CHOCOLATE"",""شوكولاتة دانتيل"",قطعة,1,,7.5,"
",""شركة السهم"",sk-0647,""Milk alpro"",""حليب البرو"",حبة,1,,14,"
",""شركة ثري زد للتجارة"",sk-0648,""Chocolate tablets"",""اقراص تشوكلت"",كرتون,1,,395,"
",""شركة افانين لتقديم المشروبات"",Op-0435,""12 cold printed cups"",""اكواب 12 بارد مطبوع"",حبة,1,,0.46,"
",""شركة افانين لتقديم المشروبات"",sk-0649,""NOVEMBER MUG"",""كوب نوفمبر"",حبة,1,,16.2334,"
",""مشتريات كليجا و معمول"",sk-0637,MAMOL,معمول,قطعة,1,,3.75,"
",""مشتريات كليجا و معمول"",sk-0638,KOLIJA,كليجا,قطعة,1,,3.75,"
",""مصنع جـود الـقمة للمنتجات الـورقية"",Op-0423,""Maxi Roll Autokat"",""ماكسي رول اوتوكات"",كرتون,1,,90,"
",""شركة اثني عشر كوب المحدوده"",rb-1007,"".Hario V60 Filter"",,شدة,1,,11.6,"
",""ايزي بيكري Easy Bakery"",BAK-002,""Cheese Croissant HB"",""كروسان الجبن"",قطعة,1,,7.39,"
",""ايزي بيكري Easy Bakery"",BAK-004,""Plain Croissant HB"",""كرواسون سادة"",قطعة,1,,6.52,"
",""ايزي بيكري Easy Bakery"",CAK-004,""English Lemon Cake BB"",""كيك الليمون الانجليزي"",قطعة,1,,6.087,"
",""ايزي بيكري Easy Bakery"",CAK-005,""Marble Cake BB"",""ماربل كيك"",قطعة,1,,6.087,"
",""ايزي بيكري Easy Bakery"",sk-0619,""Pan Swiss Almond"",""بان سويس اللوز"",قطعة,1,,10.44,"
",""ايزي بيكري Easy Bakery"",sk-0620,""berry cheesecake"",""تشيز كيك التوت"",قطعة,1,,9.57,"
",""ايزي بيكري Easy Bakery"",sk-0621,Focaccia,فوكاتشيا,قطعة,1,,7,"
",""ايزي بيكري Easy Bakery"",sk-0660,""danish cheese & honey"",""جبن وعسل دانيش"",قطعة,1,,9,"
",""ايزي بيكري Easy Bakery"",sk-0661,""Croissant Cheese and Mint"",""كروسان جبن ونعناع"",قطعة,1,,7.39,"
",""ايزي بيكري Easy Bakery"",sk-0662,""wheel chocolate"",""شوكلاته ويل"",قطعة,1,,8.7,"
",""(isupply) شركة سلسة المورد"",wat-004,""ML250 Sparkling Water مياه غازى"",""مياه فوارة 250م"",كرتون,1,,91,"
",""مؤسسة منطقة الحلوي التجارية"",sk-0663,""Flavored sparkling water"",""مياه غازية بالنكهات"",كرتون,1,,42,"
",""شركة مفازا لتقديم الوجبات"",sk-0664,MACRON,ماكرون,حبة,1,,4,"
",""مشتريات سينامون رول cinnamon"",sk-0667,""Cinnamon Roll"",""سينامون رول"",حبة,1,,8,"
",""شركة أساس الغذاء لخدمات الاعاشة"",sw-0006,"".Sandwich Halloumi"",""ساندوتش حلومي"",قطعة,1,,8,"
",""شركة أساس الغذاء لخدمات الاعاشة"",sk-0761,""Spicy Tuna Sandwich"",""ساندوتش تونة سبايسي"",قطعة,1,,8,"
",""شركة أساس الغذاء لخدمات الاعاشة"",sk-0762,""Spicy Labneh Sandwich"",""ساندوتش لبنة سبايسي"",قطعة,1,,7,"
",""شركة أساس الغذاء لخدمات الاعاشة"",sk-0763,Truffle,الترفل,قطعة,1,,4.5,"
",""مؤسسة دانيات للتجارة"",sk-0504,""Dark chocolate beans"",""شيكولاتة غامق حبوب"",كيلو,1,,48,"
",""Pure Oats"",sk-0647,""Milk alpro"",""حليب البرو"",لتر,1,,12,"
