id,name,code,contact_name,email,phone,additional_emails
"93be8b29-0122-4e67-8fe0-c80214048553,""المستودع novamber"",WHUS001,,,,"
"93c001e4-6f21-45a2-9ff5-e71de1ec70c1,""مونتانا  MONTANA"",WATR003,,,,"
"93daea39-4bf9-4a9b-9df2-363ec5602da0,""مؤسسة سحاب التوزيع الغذائي"",WATR004,""مؤسسة الهنوف العالمية للتجاره"",,565001715,"
"93ea534f-1ff7-4a9c-a4b5-1e66fb895a14,""هيلميت بيكرى HELMUT BAKERY."",BAKR0002,""شركة غذاء وتوريد المحدودة"",,,"
"93ea5cfe-fa0e-4f51-bd3f-4b421efadfd2,""بيكرى بايتس BAKERY BITES."",BAKR0001,,,,"
"93ea5fb6-028f-45ea-b871-b4d12dbfebb1,""القمح ALQMH BAKERY."",BAKR0003,,,56393366,"
"93ea67c3-3f61-43ce-af5d-a596eb607a43,""كاجو CASHEW."",CAEW0001,""مؤسسة كاجو للتجارة"",,,"
"93ea6908-4f7d-47cd-851e-fc8ec9b8c0ba,""KAIF SHIOUKH كيف الشيوخ"",KAF0001,""كيف الشيوخ"",,,"
"93ea7d20-2419-4dad-80e0-59a14147f5c5,""اى تيى بيكرى IT BAKERY"",BAKR0004,,,50655964,"
"93ea7dd4-f222-4574-ac23-4ee3c87f7276,""هنوفيرين Hanoviran ساحة المجد"",HANV0001,,,,"
"9400ca9b-ff54-47f5-acd6-6cdd7f7bc0e5,""AL DIYAFA اعمال الضيافة"",wat2,,,138147440,"
"9400d73c-2bac-4ae9-8664-acbf5bf1aa42,""SAVA HOSPITALIY سافا للضيافة"",SH1,,,,"
"948f1323-e2ad-48cd-979e-40d5b86a9112,""NOVA WATER"",NOVA,,,,"
"952e26d7-9923-41b9-840d-7a22dae17043,""اكياس القهوة المحمصه للفروع"",101,,,,"
"95346972-5440-48a1-ace4-d17492786016,""شركة بعد للأكواب"",,,,,"
"95347607-12f0-4276-a3be-ca36efc15bfc,""مورد متنوع"",,,,,"
"954a6e38-0c46-424a-a9b4-3724911d1b30,""بيت التحميص"",,,,,"
"954a7021-0d54-4b7d-9b57-3680de26d617,""حسين القطان"",,,,,"
"954a7098-5658-4df7-8806-cff0c171e930,""فن الاحتراف"",,,,,"
954a70c0-3740-4642-8433-1e125f8b3911,الناصر,,,,,
"954a7160-8e6e-4c00-a490-32630a4d96d4,""الشمس الملونة"",,,,,"
954a71d1-11fd-4035-977b-67eb624b511d,بعد,,,,,
"954a7214-3e74-42f8-bdb1-1efa9b1bc62f,""باريستا تولز"",,,,,"
954a728f-71f6-4a65-8ea2-98dfb5aa26e0,باسمح,,,,,
"954a72de-1245-49d7-993a-9231f748aa81,""معمل الكريستال"",,,,,"
"954a735a-a5b0-4306-a7c8-2f7a29c7be7a,""الثمار المباركة"",,,,,"
"954a73eb-9204-40f4-aeba-ab7d7f9fdd73,""spc - الشركة السعودية لتحويل الورق"",,,,,"
"9560737a-a0eb-42c7-a3f0-00d1a84c947a,""Nadec - نادك"",,,,,"
"956074ae-c4e1-4ed0-91fd-0ff1cdf76a59,""Almarai  - المراعي"",,,,,"
"9560d0c3-1c64-48f4-973e-97b502cd193a,""le gateau - لو جاتو"",,""غادة عبد الرحمن المهناء"",,596378989,"
"9562b1dd-f8eb-4a73-937e-cbb0d3661a15,""Emran - عمران عبد العزيز للتجارة"",,,,,"
"95c367c7-0c0c-4fa7-bab3-b6f8e646191a,""دانة الرياض"",,,,,"
"95c52746-4c8f-4c9f-9265-10c7d9d1fdab,""مؤسسة ادوات القهوه"",,,,,"
"9641941c-6f82-4a76-940a-4700e1af4d67,""جودة الورق لصناعة الورق"",,,,,"
"968a39be-125d-4c3d-aab0-0acfcd1f0e80,""شركة نيلوفر السكة للمياة"",,,,,"
"968a8739-4bed-4c47-8421-b6f8a73742d6,""الشركة السعودية لمنتجات الالبان - سدافكو"",,,,,"
"96a8d86e-d435-45fc-919c-a7b7bdbfee7e,""الشركة العربية للمنتجات الورقية"",,,,,"
"96daecb9-45c1-4a1e-abef-a2538584b843,""شركة القريشي للتسويق المحدودة"",,,,,"
"96f12242-27cf-44db-9cc0-665991c5e693,""شركة عالم الاصناف"",,,,,"
"97154922-a537-4e9a-9661-7baf6dfda4ce,""شركة شمو للاغذية."",,,,,"
"973590cf-4736-4084-b91c-8be23440b648,""وادى النحل"",,,,,"
"974d430f-8cc3-4922-8713-a16e36dbcab7,""مؤسسة الفطيرة والسكر - Le Miche"",,,,,"
"976f7542-7821-4404-b8f5-7958ead43b60,""مؤسسة نجيز / Peri Bakery"",,,,,"
"9850f723-36b2-4207-bd85-49f676463ebc,""مشتريات عصائر خارجية (عهدة احمد المشجري )"",,,,,"
986d9843-02ee-498d-8fcc-b3bd06fe3c10,HACKED,,,,,
"9976de75-88d1-4673-a44e-055da18a317c,""SHANGHAI BLUE GREEN PACKAGING"",,,,,"
"99950792-9930-4f96-b157-65642fbc703f,""Bid food"",,,,,"
"9ad2a3ea-a2ad-44ab-81da-281890669658,""Lulu Bakery"",,,,,"
"9b18d321-b7ab-424d-beea-5429263ea68e,""شركة  ركن الموردون التجارية"",,,,,"
"9c34a65f-9bcc-44fd-a4ff-c7919c32a759,""منبع القمح"",,,,,"
"9d5c5124-045c-4cfa-b598-7b066217be99,""OUT OF LINE BAKERY"",,,,,"
"9d5f1978-8ee6-4ea1-a71d-78584d06ca3c,""مصنع الكوب الذهبى للمنتجات الورقية"",,,,,"
"9d6e7ee9-638c-4ca2-8e2b-99ff301c7840,""بابكيه babkih"",,,,,"
"9d76dabf-a6b8-4826-b8bb-94879c7d50c5,""شركة جيرة لتقديم المشروبات (حى) الماتشا"",,,,,"
"9da4a4fd-dc63-463f-a98f-44082e6c9ccf,""مؤسسة متجر أفانين التجارية"",,,,,"
"9da70b37-57ec-4323-a4af-5ec9ee6c4b3b,""Slice مني عبد العزيز"",,,,,"
"9e15c5ee-4ce0-4c2a-b702-93f316bef797,""شركة ابكار للصناعة (فلوريان)"",,,,,"
"9e234c0c-1e50-4f51-a285-394d7dd5997b,""شركة السهم"",,,,,"
"9e2da1a7-826b-48e2-9bcf-86ccaf6a36ac,""شركة ثري زد للتجارة"",,,,,"
"9e4221b0-ed7b-4a48-8b0a-9411df001e61,""شركة افانين لتقديم المشروبات"",,,,,"
"9e58127e-0299-4d23-a7f1-487c51c94647,""مشتريات كليجا و معمول"",,,,,"
"9e86dea1-e594-4f03-ac39-f8c21a878a4c,""مصنع جـود الـقمة للمنتجات الـورقية"",,,,,"
"9eac4e4d-e4c2-49c8-b91c-45232d8bb806,""شركة اثني عشر كوب المحدوده"",,,,,"
"9fb5cd95-50c3-4550-b667-3432fed9206b,""ايزي بيكري Easy Bakery"",,,,,"
"9fda241f-27b9-41e1-b0a0-c18058069bc3,""(isupply) شركة سلسة المورد"",,,,,"
"9fe0427c-6792-4c0c-9fa1-01a09e3efdf2,""مؤسسة منطقة الحلوي التجارية"",,,,,"
"a0530f9e-31ff-4ae4-bcfa-af4d2503d3c6,""شركة مفازا لتقديم الوجبات"",,,,,"
"a0c13713-17e9-41fb-92bc-798f9293bbc3,""مشتريات سينامون رول cinnamon"",,,,,"
"a22fa33a-fd71-49fd-98e5-f73ca92d4b0f,""شركة أساس الغذاء لخدمات الاعاشة"",,,,,"
,شركة القهوة المختصة,,,,,
,مورد القهوة الذهبية,GOLD-001,,,0555555555,
,مورد الأكواب الورقية الجديد,,,,,
,مورد القهوة الذهبية,GOLD-001,,,0555555555,
,مورد الأكواب الورقية الجديد,,,,,
,مورد القهوة الذهبية,GOLD-001,,,0555555555,
,مورد الأكواب الورقية الجديد,,,,,
,مورد القهوة الذهبية,GOLD-001,,,0555555555,
,مورد الأكواب الورقية الجديد,,,,,
,مورد القهوة الذهبية,GOLD-001,,,0555555555,
,مورد الأكواب الورقية الجديد,,,,,
,مورد القهوة الذهبية,GOLD-001,,,0555555555,
,مورد الأكواب الورقية الجديد,,,,,
,مورد القهوة الذهبية,GOLD-001,,,0555555555,
,مورد الأكواب الورقية الجديد,,,,,
,مورد القهوة الذهبية,GOLD-001,,,0555555555,
,مورد الأكواب الورقية الجديد,,,,,
,مورد تجريبي فرع رفاء,,,,,
,مورد القهوة الذهبية,GOLD-001,,,0555555555,
,مورد الأكواب الورقية الجديد,,,,,
,مورد القهوة الذهبية,GOLD-001,,,0555555555,
,مورد الأكواب الورقية الجديد,,,,,
,مورد القهوة الذهبية,GOLD-001,,,0555555555,
,مورد الأكواب الورقية الجديد,,,,,
,مورد القهوة الذهبية,GOLD-001,,,0555555555,
,مورد الأكواب الورقية الجديد,,,,,
,مورد القهوة الذهبية,GOLD-001,,,0555555555,
,مورد الأكواب الورقية الجديد,,,,,
,مورد القهوة الذهبية,GOLD-001,,,0555555555,
,مورد الأكواب الورقية الجديد,,,,,
,مورد القهوة الذهبية,GOLD-001,,,0555555555,
,مورد الأكواب الورقية الجديد,,,,,
,مورد القهوة الذهبية,GOLD-001,,,0555555555,
,مورد الأكواب الورقية الجديد,,,,,
,مورد القهوة الذهبية,GOLD-001,,,0555555555,
,مورد الأكواب الورقية الجديد,,,,,
,شركة القهوة المختصة,,,,,
,مورد القهوة الذهبية,GOLD-001,,,0555555555,
,مورد الأكواب الورقية الجديد,,,,,
,شركة القهوة المختصة,,,,,
,مورد القهوة الذهبية,GOLD-001,,,0555555555,
,مورد الأكواب الورقية الجديد,,,,,
